task,trial_id,wave_id,method,horizon,camera,rgb_mse_0_1
adjust_bottle,20,0,RTC,1,observation.images.cam_high,0.018194403499364853
adjust_bottle,20,0,RTC,2,observation.images.cam_high,0.029217371717095375
adjust_bottle,20,0,RTC,3,observation.images.cam_high,0.04461653530597687
adjust_bottle,20,0,RTC,4,observation.images.cam_high,0.07525499165058136
adjust_bottle,20,0,RTC,1,observation.images.cam_left_wrist,0.02981371060013771
adjust_bottle,20,0,RTC,2,observation.images.cam_left_wrist,0.03163694590330124
adjust_bottle,20,0,RTC,3,observation.images.cam_left_wrist,0.02683393284678459
adjust_bottle,20,0,RTC,4,observation.images.cam_left_wrist,0.02311893180012703
adjust_bottle,20,0,RTC,1,observation.images.cam_right_wrist,0.00511524872854352
adjust_bottle,20,0,RTC,2,observation.images.cam_right_wrist,0.004367728251963854
adjust_bottle,20,0,RTC,3,observation.images.cam_right_wrist,0.003944967873394489
adjust_bottle,20,0,RTC,4,observation.images.cam_right_wrist,0.004205956123769283
adjust_bottle,21,0,RTC,1,observation.images.cam_high,0.028284458443522453
adjust_bottle,21,0,RTC,2,observation.images.cam_high,0.027428414672613144
adjust_bottle,21,0,RTC,3,observation.images.cam_high,0.02991279400885105
adjust_bottle,21,0,RTC,4,observation.images.cam_high,0.06198400631546974
adjust_bottle,21,0,RTC,1,observation.images.cam_left_wrist,0.035677410662174225
adjust_bottle,21,0,RTC,2,observation.images.cam_left_wrist,0.03168777748942375
adjust_bottle,21,0,RTC,3,observation.images.cam_left_wrist,0.028290867805480957
adjust_bottle,21,0,RTC,4,observation.images.cam_left_wrist,0.027356278151273727
adjust_bottle,21,0,RTC,1,observation.images.cam_right_wrist,0.00945664756000042
adjust_bottle,21,0,RTC,2,observation.images.cam_right_wrist,0.008249697275459766
adjust_bottle,21,0,RTC,3,observation.images.cam_right_wrist,0.014825069345533848
adjust_bottle,21,0,RTC,4,observation.images.cam_right_wrist,0.005047805607318878
adjust_bottle,20,0,FBFM,1,observation.images.cam_high,0.02233378030359745
adjust_bottle,20,0,FBFM,2,observation.images.cam_high,0.031008364632725716
adjust_bottle,20,0,FBFM,3,observation.images.cam_high,0.04552282765507698
adjust_bottle,20,0,FBFM,4,observation.images.cam_high,0.0752822607755661
adjust_bottle,20,0,FBFM,1,observation.images.cam_left_wrist,0.033639125525951385
adjust_bottle,20,0,FBFM,2,observation.images.cam_left_wrist,0.03998368978500366
adjust_bottle,20,0,FBFM,3,observation.images.cam_left_wrist,0.02894577383995056
adjust_bottle,20,0,FBFM,4,observation.images.cam_left_wrist,0.021808860823512077
adjust_bottle,20,0,FBFM,1,observation.images.cam_right_wrist,0.005713081452995539
adjust_bottle,20,0,FBFM,2,observation.images.cam_right_wrist,0.004597606137394905
adjust_bottle,20,0,FBFM,3,observation.images.cam_right_wrist,0.004052110482007265
adjust_bottle,20,0,FBFM,4,observation.images.cam_right_wrist,0.004186409991234541
adjust_bottle,21,0,FBFM,1,observation.images.cam_high,0.028362294659018517
adjust_bottle,21,0,FBFM,2,observation.images.cam_high,0.02698621340095997
adjust_bottle,21,0,FBFM,3,observation.images.cam_high,0.02967044897377491
adjust_bottle,21,0,FBFM,4,observation.images.cam_high,0.06221301481127739
adjust_bottle,21,0,FBFM,1,observation.images.cam_left_wrist,0.03330470994114876
adjust_bottle,21,0,FBFM,2,observation.images.cam_left_wrist,0.030235296115279198
adjust_bottle,21,0,FBFM,3,observation.images.cam_left_wrist,0.02798491157591343
adjust_bottle,21,0,FBFM,4,observation.images.cam_left_wrist,0.026847807690501213
adjust_bottle,21,0,FBFM,1,observation.images.cam_right_wrist,0.008558987639844418
adjust_bottle,21,0,FBFM,2,observation.images.cam_right_wrist,0.007071522064507008
adjust_bottle,21,0,FBFM,3,observation.images.cam_right_wrist,0.013754135929048061
adjust_bottle,21,0,FBFM,4,observation.images.cam_right_wrist,0.005362046882510185
pick_diverse_bottles,20,0,RTC,1,observation.images.cam_high,0.011411658488214016
pick_diverse_bottles,20,0,RTC,2,observation.images.cam_high,0.01193251833319664
pick_diverse_bottles,20,0,RTC,3,observation.images.cam_high,0.014022205956280231
pick_diverse_bottles,20,0,RTC,4,observation.images.cam_high,0.010926107876002789
pick_diverse_bottles,20,0,RTC,1,observation.images.cam_left_wrist,0.036960624158382416
pick_diverse_bottles,20,0,RTC,2,observation.images.cam_left_wrist,0.03403282165527344
pick_diverse_bottles,20,0,RTC,3,observation.images.cam_left_wrist,0.042381275445222855
pick_diverse_bottles,20,0,RTC,4,observation.images.cam_left_wrist,0.05382617190480232
pick_diverse_bottles,20,0,RTC,1,observation.images.cam_right_wrist,0.0411447137594223
pick_diverse_bottles,20,0,RTC,2,observation.images.cam_right_wrist,0.046036943793296814
pick_diverse_bottles,20,0,RTC,3,observation.images.cam_right_wrist,0.0432303212583065
pick_diverse_bottles,20,0,RTC,4,observation.images.cam_right_wrist,0.04510403797030449
pick_diverse_bottles,21,0,RTC,1,observation.images.cam_high,0.011190113611519337
pick_diverse_bottles,21,0,RTC,2,observation.images.cam_high,0.017875920981168747
pick_diverse_bottles,21,0,RTC,3,observation.images.cam_high,0.021100573241710663
pick_diverse_bottles,21,0,RTC,4,observation.images.cam_high,0.029438810423016548
pick_diverse_bottles,21,0,RTC,1,observation.images.cam_left_wrist,0.01698136515915394
pick_diverse_bottles,21,0,RTC,2,observation.images.cam_left_wrist,0.01083450298756361
pick_diverse_bottles,21,0,RTC,3,observation.images.cam_left_wrist,0.025415413081645966
pick_diverse_bottles,21,0,RTC,4,observation.images.cam_left_wrist,0.04908747598528862
pick_diverse_bottles,21,0,RTC,1,observation.images.cam_right_wrist,0.03316587954759598
pick_diverse_bottles,21,0,RTC,2,observation.images.cam_right_wrist,0.0390935055911541
pick_diverse_bottles,21,0,RTC,3,observation.images.cam_right_wrist,0.04712599515914917
pick_diverse_bottles,21,0,RTC,4,observation.images.cam_right_wrist,0.04956542328000069
pick_diverse_bottles,20,0,FBFM,1,observation.images.cam_high,0.011802871711552143
pick_diverse_bottles,20,0,FBFM,2,observation.images.cam_high,0.012206492945551872
pick_diverse_bottles,20,0,FBFM,3,observation.images.cam_high,0.014057904481887817
pick_diverse_bottles,20,0,FBFM,4,observation.images.cam_high,0.010824618861079216
pick_diverse_bottles,20,0,FBFM,1,observation.images.cam_left_wrist,0.03731866553425789
pick_diverse_bottles,20,0,FBFM,2,observation.images.cam_left_wrist,0.034087955951690674
pick_diverse_bottles,20,0,FBFM,3,observation.images.cam_left_wrist,0.042121171951293945
pick_diverse_bottles,20,0,FBFM,4,observation.images.cam_left_wrist,0.05361690744757652
pick_diverse_bottles,20,0,FBFM,1,observation.images.cam_right_wrist,0.04084675759077072
pick_diverse_bottles,20,0,FBFM,2,observation.images.cam_right_wrist,0.04543429985642433
pick_diverse_bottles,20,0,FBFM,3,observation.images.cam_right_wrist,0.044931504875421524
pick_diverse_bottles,20,0,FBFM,4,observation.images.cam_right_wrist,0.048063866794109344
pick_diverse_bottles,21,0,FBFM,1,observation.images.cam_high,0.011962341144680977
pick_diverse_bottles,21,0,FBFM,2,observation.images.cam_high,0.01802787557244301
pick_diverse_bottles,21,0,FBFM,3,observation.images.cam_high,0.02107441984117031
pick_diverse_bottles,21,0,FBFM,4,observation.images.cam_high,0.030174244195222855
pick_diverse_bottles,21,0,FBFM,1,observation.images.cam_left_wrist,0.019221942871809006
pick_diverse_bottles,21,0,FBFM,2,observation.images.cam_left_wrist,0.01047686580568552
pick_diverse_bottles,21,0,FBFM,3,observation.images.cam_left_wrist,0.02556055411696434
pick_diverse_bottles,21,0,FBFM,4,observation.images.cam_left_wrist,0.050897266715765
pick_diverse_bottles,21,0,FBFM,1,observation.images.cam_right_wrist,0.03211309388279915
pick_diverse_bottles,21,0,FBFM,2,observation.images.cam_right_wrist,0.038605108857154846
pick_diverse_bottles,21,0,FBFM,3,observation.images.cam_right_wrist,0.04751662537455559
pick_diverse_bottles,21,0,FBFM,4,observation.images.cam_right_wrist,0.04999794811010361
