source_kind,source_path,mode,config,task,successes,trials,initial_eval_seed,episode_seeds,validation
canonical,/mnt/project_eai_hs/zrm2/FBFM/wam/lingbot-va/robotwin_outputs/feedback_multinode_80cells_clean30_random50_10_a116e48/demo_clean/dump_bin_bigbin/client/stseed-10000/metrics/dump_bin_bigbin/res.json,FBFM,demo_clean,dump_bin_bigbin,10,10,10000,10000;10003;10004;10005;10007;10008;10009;10010;10014;10015,ok
canonical,/mnt/project_eai_hs/zrm2/FBFM/wam/lingbot-va/robotwin_outputs/feedback_multinode_80cells_clean30_random50_10_a116e48/demo_clean/handover_block/client/stseed-10000/metrics/handover_block/res.json,FBFM,demo_clean,handover_block,1,10,10000,10000;10004;10005;20000;20001;20002;30000;30001;40000;40001,ok
canonical,/mnt/project_eai_hs/zrm2/FBFM/wam/lingbot-va/robotwin_outputs/feedback_multinode_80cells_clean30_random50_10_a116e48/demo_clean/handover_mic/client/stseed-10000/metrics/handover_mic/res.json,FBFM,demo_clean,handover_mic,10,10,10000,10000;10001;10002;10003;10004;10006;10008;10011;10012;10013,ok
canonical,/mnt/project_eai_hs/zrm2/FBFM/wam/lingbot-va/robotwin_outputs/feedback_multinode_80cells_clean30_random50_10_a116e48/demo_clean/move_playingcard_away/client/stseed-10000/metrics/move_playingcard_away/res.json,FBFM,demo_clean,move_playingcard_away,10,10,10000,10000;10001;10002;10003;10004;10005;10006;10007;10008;10009,ok
canonical,/mnt/project_eai_hs/zrm2/FBFM/wam/lingbot-va/robotwin_outputs/feedback_multinode_80cells_clean30_random50_10_a116e48/demo_clean/move_stapler_pad/client/stseed-10000/metrics/move_stapler_pad/res.json,FBFM,demo_clean,move_stapler_pad,4,10,10000,10000;10001;10002;10003;10004;10005;10006;10007;10008;10009,ok
canonical,/mnt/project_eai_hs/zrm2/FBFM/wam/lingbot-va/robotwin_outputs/feedback_multinode_80cells_clean30_random50_10_a116e48/demo_clean/open_laptop/client/stseed-10000/metrics/open_laptop/res.json,FBFM,demo_clean,open_laptop,9,10,10000,10000;10001;10002;10003;10004;10006;10007;10008;10009;10010,ok
canonical,/mnt/project_eai_hs/zrm2/FBFM/wam/lingbot-va/robotwin_outputs/feedback_multinode_80cells_clean30_random50_10_a116e48/demo_clean/pick_diverse_bottles/client/stseed-10000/metrics/pick_diverse_bottles/res.json,FBFM,demo_clean,pick_diverse_bottles,10,10,10000,10003;10004;10008;10010;10014;10022;10024;10026;10027;10028,ok
canonical,/mnt/project_eai_hs/zrm2/FBFM/wam/lingbot-va/robotwin_outputs/feedback_multinode_80cells_clean30_random50_10_a116e48/demo_clean/pick_dual_bottles/client/stseed-10000/metrics/pick_dual_bottles/res.json,FBFM,demo_clean,pick_dual_bottles,10,10,10000,10000;10001;10002;10003;10004;10005;10006;10007;10008;10009,ok
canonical,/mnt/project_eai_hs/zrm2/FBFM/wam/lingbot-va/robotwin_outputs/feedback_multinode_80cells_clean30_random50_10_a116e48/demo_clean/place_a2b_left/client/stseed-10000/metrics/place_a2b_left/res.json,FBFM,demo_clean,place_a2b_left,9,10,10000,10000;10001;10002;10004;10005;10006;10007;10009;10010;10011,ok
canonical,/mnt/project_eai_hs/zrm2/FBFM/wam/lingbot-va/robotwin_outputs/feedback_multinode_80cells_clean30_random50_10_a116e48/demo_clean/place_a2b_right/client/stseed-10000/metrics/place_a2b_right/res.json,FBFM,demo_clean,place_a2b_right,8,10,10000,10000;10001;10002;10004;10005;10006;10007;10008;10009;10010,ok
canonical,/mnt/project_eai_hs/zrm2/FBFM/wam/lingbot-va/robotwin_outputs/feedback_multinode_80cells_clean30_random50_10_a116e48/demo_clean/place_bread_basket/client/stseed-10000/metrics/place_bread_basket/res.json,FBFM,demo_clean,place_bread_basket,5,10,10000,10000;10001;10002;10003;10004;20000;20001;20002;30000;30001,ok
canonical,/mnt/project_eai_hs/zrm2/FBFM/wam/lingbot-va/robotwin_outputs/feedback_multinode_80cells_clean30_random50_10_a116e48/demo_clean/place_bread_skillet/client/stseed-10000/metrics/place_bread_skillet/res.json,FBFM,demo_clean,place_bread_skillet,7,10,10000,10002;10005;10006;10007;10009;10011;10013;10015;10018;10019,ok
canonical,/mnt/project_eai_hs/zrm2/FBFM/wam/lingbot-va/robotwin_outputs/feedback_multinode_80cells_clean30_random50_10_a116e48/demo_clean/place_can_basket/client/stseed-10000/metrics/place_can_basket/res.json,FBFM,demo_clean,place_can_basket,10,10,10000,10001;10002;10003;10004;10005;10006;10008;10010;10011;10012,ok
canonical,/mnt/project_eai_hs/zrm2/FBFM/wam/lingbot-va/robotwin_outputs/feedback_multinode_80cells_clean30_random50_10_a116e48/demo_clean/place_cans_plasticbox/client/stseed-10000/metrics/place_cans_plasticbox/res.json,FBFM,demo_clean,place_cans_plasticbox,10,10,10000,10000;10001;10002;10003;10004;10005;10006;10007;10008;10009,ok
canonical,/mnt/project_eai_hs/zrm2/FBFM/wam/lingbot-va/robotwin_outputs/feedback_multinode_80cells_clean30_random50_10_a116e48/demo_clean/place_container_plate/client/stseed-10000/metrics/place_container_plate/res.json,FBFM,demo_clean,place_container_plate,10,10,10000,10000;10001;10004;10006;10007;10008;10009;10010;10011;10012,ok
canonical,/mnt/project_eai_hs/zrm2/FBFM/wam/lingbot-va/robotwin_outputs/feedback_multinode_80cells_clean30_random50_10_a116e48/demo_clean/place_dual_shoes/client/stseed-10000/metrics/place_dual_shoes/res.json,FBFM,demo_clean,place_dual_shoes,1,10,10000,10001;10003;10006;10007;10008;10009;10010;10011;10014;10015,ok
canonical,/mnt/project_eai_hs/zrm2/FBFM/wam/lingbot-va/robotwin_outputs/feedback_multinode_80cells_clean30_random50_10_a116e48/demo_clean/place_fan/client/stseed-10000/metrics/place_fan/res.json,FBFM,demo_clean,place_fan,9,10,10000,10000;10001;10002;10003;10004;10005;10006;10009;10010;10011,ok
canonical,/mnt/project_eai_hs/zrm2/FBFM/wam/lingbot-va/robotwin_outputs/feedback_multinode_80cells_clean30_random50_10_a116e48/demo_clean/place_mouse_pad/client/stseed-10000/metrics/place_mouse_pad/res.json,FBFM,demo_clean,place_mouse_pad,5,10,10000,10000;10001;10002;10003;10004;10005;10006;10007;10008;10009,ok
canonical,/mnt/project_eai_hs/zrm2/FBFM/wam/lingbot-va/robotwin_outputs/feedback_multinode_80cells_clean30_random50_10_a116e48/demo_clean/place_object_basket/client/stseed-10000/metrics/place_object_basket/res.json,FBFM,demo_clean,place_object_basket,8,10,10000,10000;10001;10002;10003;10004;10005;10006;10008;20002;20004,ok
canonical,/mnt/project_eai_hs/zrm2/FBFM/wam/lingbot-va/robotwin_outputs/feedback_multinode_80cells_clean30_random50_10_a116e48/demo_clean/place_object_scale/client/stseed-10000/metrics/place_object_scale/res.json,FBFM,demo_clean,place_object_scale,10,10,10000,10000;10003;10005;10006;10007;10009;10010;10012;10013;10014,ok
canonical,/mnt/project_eai_hs/zrm2/FBFM/wam/lingbot-va/robotwin_outputs/feedback_multinode_80cells_clean30_random50_10_a116e48/demo_clean/place_object_stand/client/stseed-10000/metrics/place_object_stand/res.json,FBFM,demo_clean,place_object_stand,7,10,10000,10000;10001;10002;10003;10004;10005;10006;10007;10008;10009,ok
canonical,/mnt/project_eai_hs/zrm2/FBFM/wam/lingbot-va/robotwin_outputs/feedback_multinode_80cells_clean30_random50_10_a116e48/demo_clean/place_phone_stand/client/stseed-10000/metrics/place_phone_stand/res.json,FBFM,demo_clean,place_phone_stand,8,10,10000,10000;10001;10002;10003;10004;10005;10006;10008;10009;10010,ok
canonical,/mnt/project_eai_hs/zrm2/FBFM/wam/lingbot-va/robotwin_outputs/feedback_multinode_80cells_clean30_random50_10_a116e48/demo_clean/press_stapler/client/stseed-10000/metrics/press_stapler/res.json,FBFM,demo_clean,press_stapler,9,10,10000,10000;10001;10002;10003;10004;10005;10006;10007;10009;10010,ok
canonical,/mnt/project_eai_hs/zrm2/FBFM/wam/lingbot-va/robotwin_outputs/feedback_multinode_80cells_clean30_random50_10_a116e48/demo_clean/put_object_cabinet/client/stseed-10000/metrics/put_object_cabinet/res.json,FBFM,demo_clean,put_object_cabinet,6,10,10000,10003;10010;10012;10019;10030;20000;20025;20036;30010;30023,ok
canonical,/mnt/project_eai_hs/zrm2/FBFM/wam/lingbot-va/robotwin_outputs/feedback_multinode_80cells_clean30_random50_10_a116e48/demo_clean/rotate_qrcode/client/stseed-10000/metrics/rotate_qrcode/res.json,FBFM,demo_clean,rotate_qrcode,9,10,10000,10000;10001;10002;10003;10004;10005;10006;10007;10008;10011,ok
canonical,/mnt/project_eai_hs/zrm2/FBFM/wam/lingbot-va/robotwin_outputs/feedback_multinode_80cells_clean30_random50_10_a116e48/demo_clean/shake_bottle/client/stseed-10000/metrics/shake_bottle/res.json,FBFM,demo_clean,shake_bottle,10,10,10000,10000;10001;10002;10003;10004;10005;10006;10007;10008;10009,ok
canonical,/mnt/project_eai_hs/zrm2/FBFM/wam/lingbot-va/robotwin_outputs/feedback_multinode_80cells_clean30_random50_10_a116e48/demo_clean/shake_bottle_horizontally/client/stseed-10000/metrics/shake_bottle_horizontally/res.json,FBFM,demo_clean,shake_bottle_horizontally,10,10,10000,10000;10001;10002;10003;10004;10005;10006;10007;10008;10009,ok
canonical,/mnt/project_eai_hs/zrm2/FBFM/wam/lingbot-va/robotwin_outputs/feedback_multinode_80cells_clean30_random50_10_a116e48/demo_clean/stack_blocks_two/client/stseed-10000/metrics/stack_blocks_two/res.json,FBFM,demo_clean,stack_blocks_two,10,10,10000,10000;10001;10002;10003;10004;10005;10006;10007;10008;10009,ok
canonical,/mnt/project_eai_hs/zrm2/FBFM/wam/lingbot-va/robotwin_outputs/feedback_multinode_80cells_clean30_random50_10_a116e48/demo_clean/stamp_seal/client/stseed-10000/metrics/stamp_seal/res.json,FBFM,demo_clean,stamp_seal,10,10,10000,10001;10002;10004;10005;10007;10008;10010;10011;10014;10018,ok
canonical,/mnt/project_eai_hs/zrm2/FBFM/wam/lingbot-va/robotwin_outputs/feedback_multinode_80cells_clean30_random50_10_a116e48/demo_clean/turn_switch/client/stseed-10000/metrics/turn_switch/res.json,FBFM,demo_clean,turn_switch,7,10,10000,10000;10001;10002;10003;10005;10006;10007;10008;10010;10011,ok
canonical,/mnt/project_eai_hs/zrm2/FBFM/wam/lingbot-va/robotwin_outputs/feedback_multinode_80cells_clean30_random50_10_a116e48/demo_randomized/adjust_bottle/client/stseed-10000/metrics/adjust_bottle/res.json,FBFM,demo_randomized,adjust_bottle,10,10,10000,10000;10001;10003;10004;10005;10006;10007;10008;10011;10013,ok
canonical,/mnt/project_eai_hs/zrm2/FBFM/wam/lingbot-va/robotwin_outputs/feedback_multinode_80cells_clean30_random50_10_a116e48/demo_randomized/beat_block_hammer/client/stseed-10000/metrics/beat_block_hammer/res.json,FBFM,demo_randomized,beat_block_hammer,9,10,10000,10000;10001;10002;10003;10004;10005;10006;10007;10008;10009,ok
canonical,/mnt/project_eai_hs/zrm2/FBFM/wam/lingbot-va/robotwin_outputs/feedback_multinode_80cells_clean30_random50_10_a116e48/demo_randomized/click_alarmclock/client/stseed-10000/metrics/click_alarmclock/res.json,FBFM,demo_randomized,click_alarmclock,10,10,10000,10000;10001;10002;10003;10005;10006;10007;10008;10009;10011,ok
canonical,/mnt/project_eai_hs/zrm2/FBFM/wam/lingbot-va/robotwin_outputs/feedback_multinode_80cells_clean30_random50_10_a116e48/demo_randomized/click_bell/client/stseed-10000/metrics/click_bell/res.json,FBFM,demo_randomized,click_bell,10,10,10000,10000;10001;10002;10003;10004;10005;10006;10007;10008;10009,ok
canonical,/mnt/project_eai_hs/zrm2/FBFM/wam/lingbot-va/robotwin_outputs/feedback_multinode_80cells_clean30_random50_10_a116e48/demo_randomized/dump_bin_bigbin/client/stseed-10000/metrics/dump_bin_bigbin/res.json,FBFM,demo_randomized,dump_bin_bigbin,10,10,10000,10000;10002;10003;10005;10006;10007;10009;10010;10013;10014,ok
canonical,/mnt/project_eai_hs/zrm2/FBFM/wam/lingbot-va/robotwin_outputs/feedback_multinode_80cells_clean30_random50_10_a116e48/demo_randomized/grab_roller/client/stseed-10000/metrics/grab_roller/res.json,FBFM,demo_randomized,grab_roller,10,10,10000,10000;10001;10002;10003;10004;10005;10006;10008;10009;10010,ok
canonical,/mnt/project_eai_hs/zrm2/FBFM/wam/lingbot-va/robotwin_outputs/feedback_multinode_80cells_clean30_random50_10_a116e48/demo_randomized/handover_block/client/stseed-10000/metrics/handover_block/res.json,FBFM,demo_randomized,handover_block,0,10,10000,10000;10001;10002;10003;20000;20002;20003;30000;30002;30004,ok
canonical,/mnt/project_eai_hs/zrm2/FBFM/wam/lingbot-va/robotwin_outputs/feedback_multinode_80cells_clean30_random50_10_a116e48/demo_randomized/handover_mic/client/stseed-10000/metrics/handover_mic/res.json,FBFM,demo_randomized,handover_mic,8,10,10000,10000;10002;10003;10004;10005;10006;10008;10010;10012;10014,ok
canonical,/mnt/project_eai_hs/zrm2/FBFM/wam/lingbot-va/robotwin_outputs/feedback_multinode_80cells_clean30_random50_10_a116e48/demo_randomized/lift_pot/client/stseed-10000/metrics/lift_pot/res.json,FBFM,demo_randomized,lift_pot,10,10,10000,10000;10002;10004;10005;10007;10016;10021;10022;10023;10026,ok
canonical,/mnt/project_eai_hs/zrm2/FBFM/wam/lingbot-va/robotwin_outputs/feedback_multinode_80cells_clean30_random50_10_a116e48/demo_randomized/move_can_pot/client/stseed-10000/metrics/move_can_pot/res.json,FBFM,demo_randomized,move_can_pot,9,10,10000,10001;10002;10003;10005;10007;10008;10009;10010;10011;10012,ok
canonical,/mnt/project_eai_hs/zrm2/FBFM/wam/lingbot-va/robotwin_outputs/feedback_multinode_80cells_clean30_random50_10_a116e48/demo_randomized/move_pillbottle_pad/client/stseed-10000/metrics/move_pillbottle_pad/res.json,FBFM,demo_randomized,move_pillbottle_pad,9,10,10000,10000;10004;10005;10007;10008;10009;10010;10011;10014;10016,ok
canonical,/mnt/project_eai_hs/zrm2/FBFM/wam/lingbot-va/robotwin_outputs/feedback_multinode_80cells_clean30_random50_10_a116e48/demo_randomized/move_playingcard_away/client/stseed-10000/metrics/move_playingcard_away/res.json,FBFM,demo_randomized,move_playingcard_away,10,10,10000,10000;10002;10003;10004;10005;10006;10007;10008;10009;10010,ok
canonical,/mnt/project_eai_hs/zrm2/FBFM/wam/lingbot-va/robotwin_outputs/feedback_multinode_80cells_clean30_random50_10_a116e48/demo_randomized/move_stapler_pad/client/stseed-10000/metrics/move_stapler_pad/res.json,FBFM,demo_randomized,move_stapler_pad,6,10,10000,10000;10001;10003;10004;10005;10008;10009;10010;10011;10012,ok
canonical,/mnt/project_eai_hs/zrm2/FBFM/wam/lingbot-va/robotwin_outputs/feedback_multinode_80cells_clean30_random50_10_a116e48/demo_randomized/open_laptop/client/stseed-10000/metrics/open_laptop/res.json,FBFM,demo_randomized,open_laptop,9,10,10000,10000;10001;10002;10003;10004;10005;10006;10010;10012;10013,ok
canonical,/mnt/project_eai_hs/zrm2/FBFM/wam/lingbot-va/robotwin_outputs/feedback_multinode_80cells_clean30_random50_10_a116e48/demo_randomized/pick_diverse_bottles/client/stseed-10000/metrics/pick_diverse_bottles/res.json,FBFM,demo_randomized,pick_diverse_bottles,8,10,10000,10000;10002;10003;10008;10015;10018;10019;10021;10027;10030,ok
canonical,/mnt/project_eai_hs/zrm2/FBFM/wam/lingbot-va/robotwin_outputs/feedback_multinode_80cells_clean30_random50_10_a116e48/demo_randomized/pick_dual_bottles/client/stseed-10000/metrics/pick_dual_bottles/res.json,FBFM,demo_randomized,pick_dual_bottles,8,10,10000,10000;10002;10003;10004;10005;10006;10007;10010;10011;10012,ok
canonical,/mnt/project_eai_hs/zrm2/FBFM/wam/lingbot-va/robotwin_outputs/feedback_multinode_80cells_clean30_random50_10_a116e48/demo_randomized/place_a2b_left/client/stseed-10000/metrics/place_a2b_left/res.json,FBFM,demo_randomized,place_a2b_left,10,10,10000,10000;10001;10005;10006;10007;10008;10009;10010;10011;10012,ok
canonical,/mnt/project_eai_hs/zrm2/FBFM/wam/lingbot-va/robotwin_outputs/feedback_multinode_80cells_clean30_random50_10_a116e48/demo_randomized/place_a2b_right/client/stseed-10000/metrics/place_a2b_right/res.json,FBFM,demo_randomized,place_a2b_right,10,10,10000,10002;10005;10006;10007;10009;10010;10013;10014;10015;10016,ok
canonical,/mnt/project_eai_hs/zrm2/FBFM/wam/lingbot-va/robotwin_outputs/feedback_multinode_80cells_clean30_random50_10_a116e48/demo_randomized/place_bread_basket/client/stseed-10000/metrics/place_bread_basket/res.json,FBFM,demo_randomized,place_bread_basket,9,10,10000,10001;10002;10003;10004;10006;10007;10009;10010;10011;10012,ok
canonical,/mnt/project_eai_hs/zrm2/FBFM/wam/lingbot-va/robotwin_outputs/feedback_multinode_80cells_clean30_random50_10_a116e48/demo_randomized/place_bread_skillet/client/stseed-10000/metrics/place_bread_skillet/res.json,FBFM,demo_randomized,place_bread_skillet,7,10,10000,10001;10002;10004;10006;10009;10010;10014;10019;10024;10028,ok
canonical,/mnt/project_eai_hs/zrm2/FBFM/wam/lingbot-va/robotwin_outputs/feedback_multinode_80cells_clean30_random50_10_a116e48/demo_randomized/place_burger_fries/client/stseed-10000/metrics/place_burger_fries/res.json,FBFM,demo_randomized,place_burger_fries,10,10,10000,10002;10003;10004;10005;10006;10007;10009;10010;10011;10012,ok
canonical,/mnt/project_eai_hs/zrm2/FBFM/wam/lingbot-va/robotwin_outputs/feedback_multinode_80cells_clean30_random50_10_a116e48/demo_randomized/place_can_basket/client/stseed-10000/metrics/place_can_basket/res.json,FBFM,demo_randomized,place_can_basket,9,10,10000,10000;10001;10002;10003;10005;10006;10007;10008;10009;10010,ok
canonical,/mnt/project_eai_hs/zrm2/FBFM/wam/lingbot-va/robotwin_outputs/feedback_multinode_80cells_clean30_random50_10_a116e48/demo_randomized/place_cans_plasticbox/client/stseed-10000/metrics/place_cans_plasticbox/res.json,FBFM,demo_randomized,place_cans_plasticbox,10,10,10000,10000;10001;10002;10003;10005;10006;10007;10009;10010;10011,ok
canonical,/mnt/project_eai_hs/zrm2/FBFM/wam/lingbot-va/robotwin_outputs/feedback_multinode_80cells_clean30_random50_10_a116e48/demo_randomized/place_container_plate/client/stseed-10000/metrics/place_container_plate/res.json,FBFM,demo_randomized,place_container_plate,10,10,10000,10000;10001;10002;10003;10004;10005;10006;10007;10008;10010,ok
canonical,/mnt/project_eai_hs/zrm2/FBFM/wam/lingbot-va/robotwin_outputs/feedback_multinode_80cells_clean30_random50_10_a116e48/demo_randomized/place_dual_shoes/client/stseed-10000/metrics/place_dual_shoes/res.json,FBFM,demo_randomized,place_dual_shoes,1,10,10000,10000;10001;10003;10004;10007;10011;10012;10014;10016;10018,ok
canonical,/mnt/project_eai_hs/zrm2/FBFM/wam/lingbot-va/robotwin_outputs/feedback_multinode_80cells_clean30_random50_10_a116e48/demo_randomized/place_empty_cup/client/stseed-10000/metrics/place_empty_cup/res.json,FBFM,demo_randomized,place_empty_cup,10,10,10000,10000;10001;10002;10003;10004;10005;10006;10008;10012;10013,ok
canonical,/mnt/project_eai_hs/zrm2/FBFM/wam/lingbot-va/robotwin_outputs/feedback_multinode_80cells_clean30_random50_10_a116e48/demo_randomized/place_fan/client/stseed-10000/metrics/place_fan/res.json,FBFM,demo_randomized,place_fan,9,10,10000,10000;10002;10003;10004;10005;10006;10007;10008;10009;10010,ok
canonical,/mnt/project_eai_hs/zrm2/FBFM/wam/lingbot-va/robotwin_outputs/feedback_multinode_80cells_clean30_random50_10_a116e48/demo_randomized/place_mouse_pad/client/stseed-10000/metrics/place_mouse_pad/res.json,FBFM,demo_randomized,place_mouse_pad,5,10,10000,10000;10001;10002;10003;10004;10005;10006;10007;10008;10009,ok
canonical,/mnt/project_eai_hs/zrm2/FBFM/wam/lingbot-va/robotwin_outputs/feedback_multinode_80cells_clean30_random50_10_a116e48/demo_randomized/place_object_basket/client/stseed-10000/metrics/place_object_basket/res.json,FBFM,demo_randomized,place_object_basket,7,10,10000,10000;10001;10002;10003;10004;10005;10006;10007;10009;10011,ok
canonical,/mnt/project_eai_hs/zrm2/FBFM/wam/lingbot-va/robotwin_outputs/feedback_multinode_80cells_clean30_random50_10_a116e48/demo_randomized/place_object_scale/client/stseed-10000/metrics/place_object_scale/res.json,FBFM,demo_randomized,place_object_scale,7,10,10000,10000;10001;10002;10003;10004;10006;10007;10009;10011;10012,ok
canonical,/mnt/project_eai_hs/zrm2/FBFM/wam/lingbot-va/robotwin_outputs/feedback_multinode_80cells_clean30_random50_10_a116e48/demo_randomized/place_object_stand/client/stseed-10000/metrics/place_object_stand/res.json,FBFM,demo_randomized,place_object_stand,9,10,10000,10001;10002;10003;10004;10005;10006;10007;10008;10009;10010,ok
canonical,/mnt/project_eai_hs/zrm2/FBFM/wam/lingbot-va/robotwin_outputs/feedback_multinode_80cells_clean30_random50_10_a116e48/demo_randomized/place_phone_stand/client/stseed-10000/metrics/place_phone_stand/res.json,FBFM,demo_randomized,place_phone_stand,8,10,10000,10000;10003;10004;10006;10007;10009;10011;10013;10014;10016,ok
canonical,/mnt/project_eai_hs/zrm2/FBFM/wam/lingbot-va/robotwin_outputs/feedback_multinode_80cells_clean30_random50_10_a116e48/demo_randomized/place_shoe/client/stseed-10000/metrics/place_shoe/res.json,FBFM,demo_randomized,place_shoe,5,10,10000,10000;10001;10003;10004;10006;10007;10009;10010;10011;10012,ok
canonical,/mnt/project_eai_hs/zrm2/FBFM/wam/lingbot-va/robotwin_outputs/feedback_multinode_80cells_clean30_random50_10_a116e48/demo_randomized/press_stapler/client/stseed-10000/metrics/press_stapler/res.json,FBFM,demo_randomized,press_stapler,10,10,10000,10000;10001;10002;10005;10006;10008;10009;10010;10012;10014,ok
canonical,/mnt/project_eai_hs/zrm2/FBFM/wam/lingbot-va/robotwin_outputs/feedback_multinode_80cells_clean30_random50_10_a116e48/demo_randomized/put_object_cabinet/client/stseed-10000/metrics/put_object_cabinet/res.json,FBFM,demo_randomized,put_object_cabinet,7,10,10000,10051;10057;10085;10104;20035;20045;30003;30005;30006;30009,ok
canonical,/mnt/project_eai_hs/zrm2/FBFM/wam/lingbot-va/robotwin_outputs/feedback_multinode_80cells_clean30_random50_10_a116e48/demo_randomized/rotate_qrcode/client/stseed-10000/metrics/rotate_qrcode/res.json,FBFM,demo_randomized,rotate_qrcode,9,10,10000,10000;10001;10002;10003;10005;10006;10007;10008;10009;10011,ok
canonical,/mnt/project_eai_hs/zrm2/FBFM/wam/lingbot-va/robotwin_outputs/feedback_multinode_80cells_clean30_random50_10_a116e48/demo_randomized/scan_object/client/stseed-10000/metrics/scan_object/res.json,FBFM,demo_randomized,scan_object,8,10,10000,10005;10006;10010;10017;10018;10023;10024;10026;10027;10033,ok
canonical,/mnt/project_eai_hs/zrm2/FBFM/wam/lingbot-va/robotwin_outputs/feedback_multinode_80cells_clean30_random50_10_a116e48/demo_randomized/shake_bottle/client/stseed-10000/metrics/shake_bottle/res.json,FBFM,demo_randomized,shake_bottle,10,10,10000,10000;10001;10002;10003;10006;10007;10008;10010;10011;10012,ok
canonical,/mnt/project_eai_hs/zrm2/FBFM/wam/lingbot-va/robotwin_outputs/feedback_multinode_80cells_clean30_random50_10_a116e48/demo_randomized/shake_bottle_horizontally/client/stseed-10000/metrics/shake_bottle_horizontally/res.json,FBFM,demo_randomized,shake_bottle_horizontally,10,10,10000,10000;10001;10002;10003;10006;10007;10008;10010;10011;10012,ok
canonical,/mnt/project_eai_hs/zrm2/FBFM/wam/lingbot-va/robotwin_outputs/feedback_multinode_80cells_clean30_random50_10_a116e48/demo_randomized/stack_blocks_two/client/stseed-10000/metrics/stack_blocks_two/res.json,FBFM,demo_randomized,stack_blocks_two,8,10,10000,10000;10001;10002;10003;10005;10006;30000;30001;30002;30003,ok
canonical,/mnt/project_eai_hs/zrm2/FBFM/wam/lingbot-va/robotwin_outputs/feedback_multinode_80cells_clean30_random50_10_a116e48/demo_randomized/stamp_seal/client/stseed-10000/metrics/stamp_seal/res.json,FBFM,demo_randomized,stamp_seal,9,10,10000,10000;10004;10005;10007;10011;10014;10015;10019;10021;10022,ok
canonical,/mnt/project_eai_hs/zrm2/FBFM/wam/lingbot-va/robotwin_outputs/feedback_multinode_80cells_clean30_random50_10_a116e48/demo_randomized/turn_switch/client/stseed-10000/metrics/turn_switch/res.json,FBFM,demo_randomized,turn_switch,5,10,10000,10000;10001;10002;10003;10004;10006;10008;10009;10010;10013,ok
main,/mnt/project_eai_hs/zrm2/FBFM/wam/lingbot-va/robotwin_outputs/formal_accel_12gpu_20260728_a116e48/runs/FBFM/demo_clean/handover_block/client/stseed-10000/metrics/handover_block/res.json,FBFM,demo_clean,handover_block,0,2,10000,10000;10004,ok
main,/mnt/project_eai_hs/zrm2/FBFM/wam/lingbot-va/robotwin_outputs/formal_accel_12gpu_20260728_a116e48/runs/FBFM/demo_clean/place_bread_basket/client/stseed-10000/metrics/place_bread_basket/res.json,FBFM,demo_clean,place_bread_basket,2,6,10000,10000;10001;10002;10003;10004;10005,ok
main,/mnt/project_eai_hs/zrm2/FBFM/wam/lingbot-va/robotwin_outputs/formal_accel_12gpu_20260728_a116e48/runs/FBFM/demo_clean/place_object_basket/client/stseed-10000/metrics/place_object_basket/res.json,FBFM,demo_clean,place_object_basket,7,10,10000,10000;10001;10002;10003;10004;10005;10006;10008;10010;10011,ok
main,/mnt/project_eai_hs/zrm2/FBFM/wam/lingbot-va/robotwin_outputs/formal_accel_12gpu_20260728_a116e48/runs/FBFM/demo_clean/put_object_cabinet/client/stseed-10000/metrics/put_object_cabinet/res.json,FBFM,demo_clean,put_object_cabinet,3,6,10000,10003;10010;10012;10019;10030;10034,ok
main,/mnt/project_eai_hs/zrm2/FBFM/wam/lingbot-va/robotwin_outputs/formal_accel_12gpu_20260728_a116e48/runs/FBFM/demo_clean/shake_bottle_horizontally.interrupted.20260729_021907.dreamzero-fbfm-gpu1/client/stseed-10000/metrics/shake_bottle_horizontally/res.json,FBFM,demo_clean,shake_bottle_horizontally,1,1,10000,10000,ok
main,/mnt/project_eai_hs/zrm2/FBFM/wam/lingbot-va/robotwin_outputs/formal_accel_12gpu_20260728_a116e48/runs/FBFM/demo_randomized/handover_block/client/stseed-10000/metrics/handover_block/res.json,FBFM,demo_randomized,handover_block,0,2,10000,10000;10001,ok
main,/mnt/project_eai_hs/zrm2/FBFM/wam/lingbot-va/robotwin_outputs/formal_accel_12gpu_20260728_a116e48/runs/FBFM/demo_randomized/put_object_cabinet/client/stseed-10000/metrics/put_object_cabinet/res.json,FBFM,demo_randomized,put_object_cabinet,1,4,10000,10051;10057;10085;10104,ok
main,/mnt/project_eai_hs/zrm2/FBFM/wam/lingbot-va/robotwin_outputs/formal_accel_12gpu_20260728_a116e48/runs/FBFM/demo_randomized/stack_blocks_two/client/stseed-10000/metrics/stack_blocks_two/res.json,FBFM,demo_randomized,stack_blocks_two,5,7,10000,10000;10001;10002;10003;10005;10006;10007,ok
main,/mnt/project_eai_hs/zrm2/FBFM/wam/lingbot-va/robotwin_outputs/formal_accel_12gpu_20260728_a116e48/runs/NONE/demo_clean/put_bottles_dustbin/client/stseed-10000/metrics/put_bottles_dustbin/res.json,NONE,demo_clean,put_bottles_dustbin,0,1,10000,10000,ok
main,/mnt/project_eai_hs/zrm2/FBFM/wam/lingbot-va/robotwin_outputs/formal_accel_12gpu_20260728_a116e48/runs/NONE/demo_clean/stack_blocks_three/client/stseed-10000/metrics/stack_blocks_three/res.json,NONE,demo_clean,stack_blocks_three,1,2,10000,10000;10001,ok
main,/mnt/project_eai_hs/zrm2/FBFM/wam/lingbot-va/robotwin_outputs/formal_accel_12gpu_20260728_a116e48/runs/NONE/demo_clean/stack_bowls_three/client/stseed-10000/metrics/stack_bowls_three/res.json,NONE,demo_clean,stack_bowls_three,3,3,10000,10001;10002;10003,ok
main,/mnt/project_eai_hs/zrm2/FBFM/wam/lingbot-va/robotwin_outputs/formal_accel_12gpu_20260728_a116e48/runs/NONE/demo_randomized/open_microwave/client/stseed-10000/metrics/open_microwave/res.json,NONE,demo_randomized,open_microwave,1,1,10000,10000,ok
main,/mnt/project_eai_hs/zrm2/FBFM/wam/lingbot-va/robotwin_outputs/formal_accel_12gpu_20260728_a116e48/runs/NONE/demo_randomized/put_bottles_dustbin/client/stseed-10000/metrics/put_bottles_dustbin/res.json,NONE,demo_randomized,put_bottles_dustbin,1,1,10000,10000,ok
main,/mnt/project_eai_hs/zrm2/FBFM/wam/lingbot-va/robotwin_outputs/formal_accel_12gpu_20260728_a116e48/runs/NONE/demo_randomized/stack_blocks_three/client/stseed-10000/metrics/stack_blocks_three/res.json,NONE,demo_randomized,stack_blocks_three,0,1,10000,10000,ok
shard,/mnt/project_eai_hs/zrm2/FBFM/wam/lingbot-va/robotwin_outputs/formal_under900_shards_20260729_a116e48/runs/FBFM/demo_clean/handover_block/eval-seed-1/client/stseed-20000/metrics/handover_block/res.json,FBFM,demo_clean,handover_block,1,2,20000,20000;20001,ok
shard,/mnt/project_eai_hs/zrm2/FBFM/wam/lingbot-va/robotwin_outputs/formal_under900_shards_20260729_a116e48/runs/FBFM/demo_clean/handover_block/eval-seed-2/client/stseed-30000/metrics/handover_block/res.json,FBFM,demo_clean,handover_block,0,1,30000,30000,ok
shard,/mnt/project_eai_hs/zrm2/FBFM/wam/lingbot-va/robotwin_outputs/formal_under900_shards_20260729_a116e48/runs/FBFM/demo_clean/handover_block/eval-seed-3/client/stseed-40000/metrics/handover_block/res.json,FBFM,demo_clean,handover_block,0,1,40000,40000,ok
shard,/mnt/project_eai_hs/zrm2/FBFM/wam/lingbot-va/robotwin_outputs/formal_under900_shards_20260729_a116e48/runs/FBFM/demo_clean/place_bread_basket/eval-seed-1/client/stseed-20000/metrics/place_bread_basket/res.json,FBFM,demo_clean,place_bread_basket,2,3,20000,20000;20001;20002,ok
shard,/mnt/project_eai_hs/zrm2/FBFM/wam/lingbot-va/robotwin_outputs/formal_under900_shards_20260729_a116e48/runs/FBFM/demo_clean/place_bread_basket/eval-seed-2/client/stseed-30000/metrics/place_bread_basket/res.json,FBFM,demo_clean,place_bread_basket,2,3,30000,30000;30001;30002,ok
shard,/mnt/project_eai_hs/zrm2/FBFM/wam/lingbot-va/robotwin_outputs/formal_under900_shards_20260729_a116e48/runs/FBFM/demo_clean/place_object_basket/eval-seed-1/client/stseed-20000/metrics/place_object_basket/res.json,FBFM,demo_clean,place_object_basket,2,3,20000,20002;20004;20005,ok
shard,/mnt/project_eai_hs/zrm2/FBFM/wam/lingbot-va/robotwin_outputs/formal_under900_shards_20260729_a116e48/runs/FBFM/demo_clean/put_object_cabinet/eval-seed-1/client/stseed-20000/metrics/put_object_cabinet/res.json,FBFM,demo_clean,put_object_cabinet,3,4,20000,20000;20025;20036;20042,ok
shard,/mnt/project_eai_hs/zrm2/FBFM/wam/lingbot-va/robotwin_outputs/formal_under900_shards_20260729_a116e48/runs/FBFM/demo_clean/put_object_cabinet/eval-seed-2/client/stseed-30000/metrics/put_object_cabinet/res.json,FBFM,demo_clean,put_object_cabinet,1,2,30000,30010;30023,ok
shard,/mnt/project_eai_hs/zrm2/FBFM/wam/lingbot-va/robotwin_outputs/formal_under900_shards_20260729_a116e48/runs/FBFM/demo_randomized/handover_block/eval-seed-1/client/stseed-20000/metrics/handover_block/res.json,FBFM,demo_randomized,handover_block,0,1,20000,20000,ok
shard,/mnt/project_eai_hs/zrm2/FBFM/wam/lingbot-va/robotwin_outputs/formal_under900_shards_20260729_a116e48/runs/FBFM/demo_randomized/handover_block/eval-seed-2/client/stseed-30000/metrics/handover_block/res.json,FBFM,demo_randomized,handover_block,0,1,30000,30000,ok
shard,/mnt/project_eai_hs/zrm2/FBFM/wam/lingbot-va/robotwin_outputs/formal_under900_shards_20260729_a116e48/runs/FBFM/demo_randomized/put_object_cabinet/eval-seed-1/client/stseed-20000/metrics/put_object_cabinet/res.json,FBFM,demo_randomized,put_object_cabinet,3,4,20000,20035;20045;20046;20047,ok
shard,/mnt/project_eai_hs/zrm2/FBFM/wam/lingbot-va/robotwin_outputs/formal_under900_shards_20260729_a116e48/runs/FBFM/demo_randomized/put_object_cabinet/eval-seed-2/client/stseed-30000/metrics/put_object_cabinet/res.json,FBFM,demo_randomized,put_object_cabinet,4,4,30000,30003;30005;30006;30009,ok
shard,/mnt/project_eai_hs/zrm2/FBFM/wam/lingbot-va/robotwin_outputs/formal_under900_shards_20260729_a116e48/runs/FBFM/demo_randomized/stack_blocks_two/eval-seed-1/client/stseed-20000/metrics/stack_blocks_two/res.json,FBFM,demo_randomized,stack_blocks_two,1,2,20000,20000;20001,ok
shard,/mnt/project_eai_hs/zrm2/FBFM/wam/lingbot-va/robotwin_outputs/formal_under900_shards_20260729_a116e48/runs/FBFM/demo_randomized/stack_blocks_two/eval-seed-2/client/stseed-30000/metrics/stack_blocks_two/res.json,FBFM,demo_randomized,stack_blocks_two,4,4,30000,30000;30001;30002;30003,ok
