task,trial_id,method,source_wave_id,realized_wave_id,one_step_latent_mse,cosine_similarity,selected_count,strictly_paired_initial_history,comparison_scope
adjust_bottle,20,RTC,0,1,0.85546875,0.4091473817825317,23040,1,strict_paired_initial_condition
adjust_bottle,20,RTC,1,2,0.7929043173789978,0.5276288986206055,23040,0,descriptive_own_trajectory
adjust_bottle,20,RTC,2,3,0.7309894561767578,0.5667130351066589,23040,0,descriptive_own_trajectory
adjust_bottle,20,RTC,3,4,0.5543380379676819,0.6770990490913391,23040,0,descriptive_own_trajectory
adjust_bottle,20,RTC,4,5,0.9452937841415404,0.4742790758609772,23040,0,descriptive_own_trajectory
adjust_bottle,20,RTC,5,6,0.7822698354721069,0.5513632297515869,23040,0,descriptive_own_trajectory
adjust_bottle,20,RTC,6,7,0.685687243938446,0.5728275775909424,23040,0,descriptive_own_trajectory
adjust_bottle,21,RTC,0,1,0.7456583976745605,0.4852182269096374,23040,1,strict_paired_initial_condition
adjust_bottle,21,RTC,1,2,1.0301542282104492,0.4441726505756378,23040,0,descriptive_own_trajectory
adjust_bottle,21,RTC,2,3,0.9799894690513612,0.4957382082939148,23040,0,descriptive_own_trajectory
adjust_bottle,21,RTC,3,4,0.9478055834770204,0.5434651374816895,23040,0,descriptive_own_trajectory
adjust_bottle,21,RTC,4,5,1.3072750568389893,0.2828740775585174,23040,0,descriptive_own_trajectory
adjust_bottle,21,RTC,5,6,1.0134369134902954,0.4750693440437317,23040,0,descriptive_own_trajectory
adjust_bottle,21,RTC,6,7,0.8378450274467468,0.4901692271232605,23040,0,descriptive_own_trajectory
adjust_bottle,20,FBFM,0,1,0.8547433018684387,0.4112394154071808,23040,1,strict_paired_initial_condition
adjust_bottle,20,FBFM,1,2,0.7646297216415405,0.5455353856086731,23040,0,descriptive_own_trajectory
adjust_bottle,20,FBFM,2,3,0.6876346468925476,0.584751546382904,23040,0,descriptive_own_trajectory
adjust_bottle,20,FBFM,3,4,0.4843926727771759,0.7144371271133423,23040,0,descriptive_own_trajectory
adjust_bottle,20,FBFM,4,5,0.9357970356941224,0.4714028835296631,23040,0,descriptive_own_trajectory
adjust_bottle,20,FBFM,5,6,0.7753212451934814,0.5526192784309387,23040,0,descriptive_own_trajectory
adjust_bottle,20,FBFM,6,7,0.6317389011383057,0.5891109704971313,23040,0,descriptive_own_trajectory
adjust_bottle,21,FBFM,0,1,0.7288599610328674,0.4949000179767608,23040,1,strict_paired_initial_condition
adjust_bottle,21,FBFM,1,2,1.0287712812423706,0.4477198421955108,23040,0,descriptive_own_trajectory
adjust_bottle,21,FBFM,2,3,0.9645852446556092,0.5087254047393799,23040,0,descriptive_own_trajectory
adjust_bottle,21,FBFM,3,4,0.9225099682807922,0.5401948094367981,23040,0,descriptive_own_trajectory
adjust_bottle,21,FBFM,4,5,1.174166560173035,0.3458803296089172,23040,0,descriptive_own_trajectory
adjust_bottle,21,FBFM,5,6,0.8863635063171387,0.5479462742805481,23040,0,descriptive_own_trajectory
adjust_bottle,21,FBFM,6,7,0.8454776406288147,0.501497745513916,23040,0,descriptive_own_trajectory
pick_diverse_bottles,20,RTC,0,1,0.5347069501876831,0.64574134349823,23040,1,strict_paired_initial_condition
pick_diverse_bottles,20,RTC,1,2,0.556239902973175,0.6661165356636047,23040,0,descriptive_own_trajectory
pick_diverse_bottles,20,RTC,2,3,0.6103318929672241,0.6306737661361694,23040,0,descriptive_own_trajectory
pick_diverse_bottles,20,RTC,3,4,0.6247867941856384,0.6223998665809631,23040,0,descriptive_own_trajectory
pick_diverse_bottles,20,RTC,4,5,0.6513081789016724,0.6522082686424255,23040,0,descriptive_own_trajectory
pick_diverse_bottles,20,RTC,5,6,0.8387852907180786,0.5664340853691101,23040,0,descriptive_own_trajectory
pick_diverse_bottles,21,RTC,0,1,0.5955013036727905,0.559355616569519,23040,1,strict_paired_initial_condition
pick_diverse_bottles,21,RTC,1,2,0.6158896684646606,0.6032437086105347,23040,0,descriptive_own_trajectory
pick_diverse_bottles,21,RTC,2,3,0.7404941916465759,0.549138069152832,23040,0,descriptive_own_trajectory
pick_diverse_bottles,21,RTC,3,4,0.8383318185806274,0.4768764674663543,23040,0,descriptive_own_trajectory
pick_diverse_bottles,21,RTC,4,5,0.7068549394607544,0.5880201458930969,23040,0,descriptive_own_trajectory
pick_diverse_bottles,21,RTC,5,6,0.867316484451294,0.5021768808364868,23040,0,descriptive_own_trajectory
pick_diverse_bottles,21,RTC,6,7,0.9025017023086548,0.4928916096687317,23040,0,descriptive_own_trajectory
pick_diverse_bottles,21,RTC,7,8,0.8802427649497986,0.5230671167373657,23040,0,descriptive_own_trajectory
pick_diverse_bottles,21,RTC,8,9,1.1188850402832031,0.4290591478347778,23040,0,descriptive_own_trajectory
pick_diverse_bottles,21,RTC,9,10,0.9412505626678468,0.540219247341156,23040,0,descriptive_own_trajectory
pick_diverse_bottles,21,RTC,10,11,0.9397432208061218,0.5552079677581787,23040,0,descriptive_own_trajectory
pick_diverse_bottles,21,RTC,11,12,1.0284420251846311,0.4868766665458679,23040,0,descriptive_own_trajectory
pick_diverse_bottles,21,RTC,12,13,0.9713352918624878,0.5079081058502197,23040,0,descriptive_own_trajectory
pick_diverse_bottles,21,RTC,13,14,1.046415090560913,0.41728276014328,23040,0,descriptive_own_trajectory
pick_diverse_bottles,21,RTC,14,15,1.1323002576828003,0.3679051399230957,23040,0,descriptive_own_trajectory
pick_diverse_bottles,21,RTC,15,16,1.0217006206512451,0.4444127082824707,23040,0,descriptive_own_trajectory
pick_diverse_bottles,21,RTC,16,17,1.136016845703125,0.3610795438289642,23040,0,descriptive_own_trajectory
pick_diverse_bottles,21,RTC,17,18,0.938551664352417,0.4745040833950043,23040,0,descriptive_own_trajectory
pick_diverse_bottles,21,RTC,18,19,0.7295244932174683,0.5825709104537964,23040,0,descriptive_own_trajectory
pick_diverse_bottles,21,RTC,19,20,0.9418779611587524,0.4829393923282623,23040,0,descriptive_own_trajectory
pick_diverse_bottles,21,RTC,20,21,0.933413565158844,0.4612516164779663,23040,0,descriptive_own_trajectory
pick_diverse_bottles,21,RTC,21,22,0.9380835890769958,0.4880378246307373,23040,0,descriptive_own_trajectory
pick_diverse_bottles,21,RTC,22,23,1.2081148624420166,0.3962269127368927,23040,0,descriptive_own_trajectory
pick_diverse_bottles,21,RTC,23,24,1.1451122760772705,0.3996659517288208,23040,0,descriptive_own_trajectory
pick_diverse_bottles,20,FBFM,0,1,0.5265663862228394,0.6505497694015503,23040,1,strict_paired_initial_condition
pick_diverse_bottles,20,FBFM,1,2,0.5560990571975708,0.668403685092926,23040,0,descriptive_own_trajectory
pick_diverse_bottles,20,FBFM,2,3,0.6067275404930115,0.6349265575408936,23040,0,descriptive_own_trajectory
pick_diverse_bottles,20,FBFM,3,4,0.5955110192298889,0.6357522010803223,23040,0,descriptive_own_trajectory
pick_diverse_bottles,20,FBFM,4,5,0.554621696472168,0.6811336874961853,23040,0,descriptive_own_trajectory
pick_diverse_bottles,20,FBFM,5,6,0.8955780863761902,0.520664393901825,23040,0,descriptive_own_trajectory
pick_diverse_bottles,21,FBFM,0,1,0.5904255509376526,0.5638121366500854,23040,1,strict_paired_initial_condition
pick_diverse_bottles,21,FBFM,1,2,0.5956874489784241,0.6196183562278748,23040,0,descriptive_own_trajectory
pick_diverse_bottles,21,FBFM,2,3,0.7136611938476562,0.5563021302223206,23040,0,descriptive_own_trajectory
pick_diverse_bottles,21,FBFM,3,4,0.6843606233596802,0.5548545718193054,23040,0,descriptive_own_trajectory
pick_diverse_bottles,21,FBFM,4,5,0.683413565158844,0.5881253480911255,23040,0,descriptive_own_trajectory
pick_diverse_bottles,21,FBFM,5,6,0.8641323447227478,0.5111949443817139,23040,0,descriptive_own_trajectory
pick_diverse_bottles,21,FBFM,6,7,0.8770630359649658,0.5174310207366943,23040,0,descriptive_own_trajectory
pick_diverse_bottles,21,FBFM,7,8,0.8476032018661499,0.5325326323509216,23040,0,descriptive_own_trajectory
pick_diverse_bottles,21,FBFM,8,9,0.8963716626167297,0.5230790376663208,23040,0,descriptive_own_trajectory
pick_diverse_bottles,21,FBFM,9,10,0.7900872230529785,0.5713549852371216,23040,0,descriptive_own_trajectory
pick_diverse_bottles,21,FBFM,10,11,0.8682073354721069,0.5323888659477234,23040,0,descriptive_own_trajectory
pick_diverse_bottles,21,FBFM,11,12,0.9678304195404052,0.4889481365680694,23040,0,descriptive_own_trajectory
pick_diverse_bottles,21,FBFM,12,13,1.0212353467941284,0.4488890171051025,23040,0,descriptive_own_trajectory
pick_diverse_bottles,21,FBFM,13,14,0.809581458568573,0.5366724729537964,23040,0,descriptive_own_trajectory
pick_diverse_bottles,21,FBFM,14,15,0.8977399468421936,0.4845030009746551,23040,0,descriptive_own_trajectory
pick_diverse_bottles,21,FBFM,15,16,1.1640381813049316,0.3919325768947601,23040,0,descriptive_own_trajectory
pick_diverse_bottles,21,FBFM,16,17,1.1652251482009888,0.3568850755691528,23040,0,descriptive_own_trajectory
pick_diverse_bottles,21,FBFM,17,18,1.4337899684906006,0.2909982800483703,23040,0,descriptive_own_trajectory
pick_diverse_bottles,21,FBFM,18,19,0.941638708114624,0.4731108546257019,23040,0,descriptive_own_trajectory
pick_diverse_bottles,21,FBFM,19,20,1.5995012521743774,0.3059089481830597,23040,0,descriptive_own_trajectory
pick_diverse_bottles,21,FBFM,20,21,1.435489296913147,0.2777661979198456,23040,0,descriptive_own_trajectory
pick_diverse_bottles,21,FBFM,21,22,1.1077874898910522,0.3836297988891601,23040,0,descriptive_own_trajectory
pick_diverse_bottles,21,FBFM,22,23,0.9324904680252076,0.4756405353546142,23040,0,descriptive_own_trajectory
pick_diverse_bottles,21,FBFM,23,24,0.981421947479248,0.43911874294281,23040,0,descriptive_own_trajectory
