denoising_solver_step,independent_units,mean_velocity_rms,min_unit_velocity_rms,max_unit_velocity_rms,condition
0,4,0.010905590490438,0.007164416834712,0.0146459587849676,rtc_vs_fbfm_cache_switch
1,4,0.010798716393765,0.0074156413320451,0.0144205531105399,rtc_vs_fbfm_cache_switch
2,4,0.0108315630350261,0.0073834906797856,0.0143134067766368,rtc_vs_fbfm_cache_switch
3,4,0.0108107883133925,0.0068712199572473,0.0149649456143379,rtc_vs_fbfm_cache_switch
4,4,0.010861515358556,0.0073485777247697,0.0142365493811666,rtc_vs_fbfm_cache_switch
5,4,0.010708172165323,0.0070567459333688,0.0142431799322366,rtc_vs_fbfm_cache_switch
6,4,0.0108962774975225,0.0068349638022482,0.014747048728168,rtc_vs_fbfm_cache_switch
7,4,0.0108952597365714,0.0070864951703697,0.0144968777894973,rtc_vs_fbfm_cache_switch
8,4,0.0109423326794058,0.0073437793180346,0.0145524344407022,rtc_vs_fbfm_cache_switch
9,4,0.0111811064416542,0.0072533381171524,0.0150054688565433,rtc_vs_fbfm_cache_switch
10,4,0.0113218834158033,0.0073537142015993,0.0150580876506865,rtc_vs_fbfm_cache_switch
11,4,0.0114447824889794,0.0071642654947936,0.0149806621484458,rtc_vs_fbfm_cache_switch
12,4,0.011609497887548,0.0076241747010499,0.0149857699871063,rtc_vs_fbfm_cache_switch
13,4,0.011501375993248,0.0074036053847521,0.0152388485148549,rtc_vs_fbfm_cache_switch
14,4,0.0114657584927044,0.0074578786734491,0.0150314485654234,rtc_vs_fbfm_cache_switch
15,4,0.011441585724242,0.0071720168925821,0.0153266624547541,rtc_vs_fbfm_cache_switch
16,4,0.0119144378695636,0.0079967617057263,0.0154887805692851,rtc_vs_fbfm_cache_switch
17,4,0.0118580409325659,0.0076001225970685,0.0157766067422926,rtc_vs_fbfm_cache_switch
18,4,0.0119778989464975,0.0079190398100763,0.0158151690848171,rtc_vs_fbfm_cache_switch
19,4,0.0120206048013642,0.0076274732127785,0.0157696292735636,rtc_vs_fbfm_cache_switch
20,4,0.0122224676888436,0.0078240120783448,0.0162279023788869,rtc_vs_fbfm_cache_switch
21,4,0.0123045399086549,0.0075815548188984,0.015983048826456,rtc_vs_fbfm_cache_switch
22,4,0.0120587259880267,0.0077335604000836,0.0154216503724455,rtc_vs_fbfm_cache_switch
23,4,0.0124168063048273,0.0075975195504724,0.0160850146785378,rtc_vs_fbfm_cache_switch
24,4,0.0128630063845776,0.0080245479475706,0.0163084063678979,rtc_vs_fbfm_cache_switch
25,4,0.0127927429857663,0.0079223255161196,0.0165704316459596,rtc_vs_fbfm_cache_switch
26,4,0.0128110189107246,0.0084266338963061,0.0163591494783759,rtc_vs_fbfm_cache_switch
27,4,0.013446097029373,0.0083251325413584,0.0170237338170409,rtc_vs_fbfm_cache_switch
28,4,0.0133926993003115,0.0084829935804009,0.0170078920200467,rtc_vs_fbfm_cache_switch
29,4,0.0138448111829347,0.0089604656677693,0.0174694522283971,rtc_vs_fbfm_cache_switch
30,4,0.0140041667036712,0.0091807539574801,0.0176762328483164,rtc_vs_fbfm_cache_switch
31,4,0.0139479345525614,0.0090417556930333,0.0175581257790327,rtc_vs_fbfm_cache_switch
32,4,0.014320996007882,0.0092399101704359,0.0180269018746912,rtc_vs_fbfm_cache_switch
33,4,0.0146133552771061,0.0098301386460661,0.018532529938966,rtc_vs_fbfm_cache_switch
34,4,0.0151617798255756,0.0104006119072437,0.0190238300710916,rtc_vs_fbfm_cache_switch
35,4,0.0154916972387582,0.0100631308741867,0.0197069812566041,rtc_vs_fbfm_cache_switch
36,4,0.0159966956125572,0.0111526721157133,0.0202752482146024,rtc_vs_fbfm_cache_switch
37,4,0.0159164920914918,0.0114609715528786,0.0199915757402777,rtc_vs_fbfm_cache_switch
38,4,0.017029519774951,0.0125231789425015,0.0215761810541152,rtc_vs_fbfm_cache_switch
39,4,0.0174664860824123,0.0131542282178998,0.0215217117220163,rtc_vs_fbfm_cache_switch
40,4,0.018326056539081,0.0133385066874325,0.0226336335763335,rtc_vs_fbfm_cache_switch
41,4,0.0193003974854946,0.0143705583177506,0.0230957912281155,rtc_vs_fbfm_cache_switch
42,4,0.0200509068090468,0.0162317329086363,0.0240398459136486,rtc_vs_fbfm_cache_switch
43,4,0.0216638890560716,0.0190016804262995,0.024914763867855,rtc_vs_fbfm_cache_switch
44,4,0.0241831666789948,0.0193813573569059,0.0275423387065529,rtc_vs_fbfm_cache_switch
45,4,0.0269057480618357,0.022903773933649,0.0304419454187154,rtc_vs_fbfm_cache_switch
46,4,0.0313934164587408,0.0264798607677221,0.0362771358340978,rtc_vs_fbfm_cache_switch
47,4,0.0403384389355778,0.0371513552963733,0.0433521177619695,rtc_vs_fbfm_cache_switch
48,4,0.0553649039939045,0.0464570298790931,0.0608009323477745,rtc_vs_fbfm_cache_switch
49,4,0.1024438021704554,0.0927861221134662,0.1149266548454761,rtc_vs_fbfm_cache_switch
50,4,0.064381658565253,0.0517831053584814,0.0826736111193895,rtc_vs_fbfm_cache_switch
0,4,0.0,0.0,0.0,same_cache_repeat_floor
1,4,0.0011673435219563,0.0,0.0018039102433249,same_cache_repeat_floor
2,4,0.0012614037259481,0.0,0.0018610093975439,same_cache_repeat_floor
3,4,0.0016828532679937,0.0,0.0036311720032244,same_cache_repeat_floor
4,4,0.0031197157222777,0.0029510031454265,0.0034670050954446,same_cache_repeat_floor
5,4,0.0031608521239832,0.0029857652261853,0.0033018910326063,same_cache_repeat_floor
6,4,0.0035454554017633,0.0031500668264925,0.0038300633896142,same_cache_repeat_floor
7,4,0.0033434021752327,0.0025625325506553,0.0037980681518092,same_cache_repeat_floor
8,4,0.0032909865840338,0.003074865671806,0.0037601265357807,same_cache_repeat_floor
9,4,0.0034725386940408,0.0033166229259222,0.0037498719757422,same_cache_repeat_floor
10,4,0.0035662008158396,0.0034037707373499,0.0037272886838763,same_cache_repeat_floor
11,4,0.0033547451021149,0.0030475422972813,0.0036458369577303,same_cache_repeat_floor
12,4,0.0033688466937746,0.0030457620741799,0.0036001015687361,same_cache_repeat_floor
13,4,0.0031821324955672,0.0028011031681671,0.0035788825480267,same_cache_repeat_floor
14,4,0.0034452489926479,0.0029184834565967,0.0039180681342259,same_cache_repeat_floor
15,4,0.0035270823573227,0.0032116126967594,0.0037519061006605,same_cache_repeat_floor
16,4,0.0035846075625158,0.0032515795901417,0.003876268165186,same_cache_repeat_floor
17,4,0.0037989940319675,0.0031295232474803,0.0047727688215672,same_cache_repeat_floor
18,4,0.0036443266726564,0.0033450364135205,0.0042553334496915,same_cache_repeat_floor
19,4,0.0036792555474676,0.0032924438128247,0.0039426099974662,same_cache_repeat_floor
20,4,0.0040068643575068,0.0038348828675225,0.0042941325809806,same_cache_repeat_floor
21,4,0.003749949944904,0.0034602910745888,0.0041995574720203,same_cache_repeat_floor
22,4,0.0039386168937198,0.0035552389454096,0.0043949445243924,same_cache_repeat_floor
23,4,0.0041931379819288,0.0038299730513244,0.0044942800886929,same_cache_repeat_floor
24,4,0.0043383376614656,0.0037364532472565,0.0048301809001713,same_cache_repeat_floor
25,4,0.004102347564185,0.0037199443904682,0.0046346415765583,same_cache_repeat_floor
26,4,0.0042667095549404,0.0035303747281432,0.0047852490097284,same_cache_repeat_floor
27,4,0.004392827511765,0.0039548000786453,0.0048676342703402,same_cache_repeat_floor
28,4,0.0042702734062913,0.0037657298380509,0.0047207621391862,same_cache_repeat_floor
29,4,0.0046352258068509,0.0038050392176955,0.0052971192635595,same_cache_repeat_floor
30,4,0.0047053936286829,0.0043805737514048,0.0054050267208367,same_cache_repeat_floor
31,4,0.0047797664301469,0.0041169163305312,0.0051770280115306,same_cache_repeat_floor
32,4,0.0052125960355624,0.0043949377723038,0.005848572589457,same_cache_repeat_floor
33,4,0.005417549284175,0.0053190337494015,0.0055346386507153,same_cache_repeat_floor
34,4,0.0054235823336057,0.0044957674108445,0.0059771321248263,same_cache_repeat_floor
35,4,0.0058433292433619,0.0049009257927536,0.0064269215799868,same_cache_repeat_floor
36,4,0.0065554883913137,0.0056921080686151,0.0071872000116854,same_cache_repeat_floor
37,4,0.0062521894578821,0.0053815324790775,0.0066574125085026,same_cache_repeat_floor
38,4,0.0067363663692958,0.0060844153631478,0.0072871118318289,same_cache_repeat_floor
39,4,0.0071295529487542,0.0066115143708884,0.0075766961090266,same_cache_repeat_floor
40,4,0.0077320489799603,0.0065903977956622,0.0085770604200661,same_cache_repeat_floor
41,4,0.0085884400759823,0.00779091543518,0.0090865963138639,same_cache_repeat_floor
42,4,0.0089891460957005,0.008373687043786,0.0096214688383042,same_cache_repeat_floor
43,4,0.0100424494594335,0.0092203882522881,0.0108233247883617,same_cache_repeat_floor
44,4,0.0117168059805408,0.0111116077750921,0.0122267305850982,same_cache_repeat_floor
45,4,0.0124650144716724,0.0114537989720702,0.0136148454621434,same_cache_repeat_floor
46,4,0.0148368942318484,0.0129535561427474,0.0155087155289947,same_cache_repeat_floor
47,4,0.019673831295222,0.0182985644787549,0.0213696453720331,same_cache_repeat_floor
48,4,0.0278435263317078,0.0259066158905625,0.0319156078621745,same_cache_repeat_floor
49,4,0.0546605437994003,0.05022843927145,0.0615271385759115,same_cache_repeat_floor
50,4,0.0381045322865247,0.0291998824104666,0.0467734616249799,same_cache_repeat_floor
